소재지(위치),대여 방식 별 대여소의 개수의 합

종로구,40
종로구,24
종로구,16
종로구,32
종로구,22
종로구,51
종로구,26
종로구,20
종로구,16
종로구,33
종로구,20
종로구,22
종로구,16
종로구,20
종로구,20
종로구,10
종로구,36
종로구,20
종로구,16
종로구,18
종로구,37
종로구,18
종로구,20
종로구,18
종로구,14
종로구,5
종로구,5
종로구,10
종로구,8
종로구,10
종로구,30
종로구,30
종로구,13
종로구,8
종로구,10
종로구,10
종로구,13
종로구,16
종로구,21
종로구,15
종로구,24
종로구,10
종로구,10
종로구,12
종로구,15
종로구,8
종로구,13
종로구,13
종로구,6
종로구,10
종로구,51
종로구,8
종로구,13
종로구,10
종로구,26
종로구,8
종로구,10
종로구,10
종로구,21
종로구,10
종로구,10
종로구,10
종로구,5
종로구,5
종로구,10
종로구,10
종로구,10
종로구,12
종로구,18
종로구,13
종로구,10
종로구,10
종로구,15
종로구,22
종로구,10
종로구,15
종로구,15
종로구,12
종로구,10
종로구,14
종로구,10
종로구,10
종로구,23
종로구,20
종로구,7
종로구,10
종로구,8
종로구,10
종로구,10
종로구,8
종로구,10
종로구,15
종로구,8
종로구,5
종로구,6
종로구,8
종로구,10
종로구,6
종로구,5
종로구,7
종로구,15
종로구,10
종로구,15
중구,13
중구,21
중구,20
중구,37
중구,15
중구,20
중구,18
중구,20
중구,10
중구,18
중구,20
중구,36
중구,24
중구,20
중구,10
중구,12
중구,7
중구,8
중구,15
중구,7
중구,22
중구,10
중구,10
중구,10
중구,12
중구,8
중구,8
중구,15
중구,10
중구,8
중구,6
중구,25
중구,12
중구,10
중구,10
중구,20
중구,15
중구,13
중구,9
중구,15
중구,13
중구,11
중구,10
중구,11
중구,13
중구,10
중구,12
중구,20
중구,40
중구,21
중구,10
중구,10
중구,10
중구,8
중구,16
중구,12
중구,12
중구,10
중구,7
중구,10
중구,10
중구,10
중구,10
중구,20
중구,23
중구,12
중구,10
중구,9
중구,10
중구,10
중구,10
중구,8
중구,10
중구,10
중구,10
중구,10
중구,8
중구,10
중구,10
중구,10
중구,8
중구,10
중구,13
중구,10
중구,5
중구,5
중구,5
중구,5
용산구,15
용산구,9
용산구,10
용산구,9
용산구,20
용산구,20
용산구,20
용산구,20
용산구,10
용산구,40
용산구,10
용산구,40
용산구,60
용산구,25
용산구,9
용산구,12
용산구,12
용산구,10
용산구,20
용산구,20
용산구,15
용산구,14
용산구,7
용산구,40
용산구,10
용산구,10
용산구,20
용산구,15
용산구,10
용산구,15
용산구,10
용산구,8
용산구,10
용산구,10
용산구,30
용산구,29
용산구,15
용산구,16
용산구,15
용산구,10
용산구,20
용산구,15
용산구,10
용산구,30
용산구,19
용산구,10
용산구,10
용산구,10
용산구,10
용산구,10
용산구,22
용산구,10
용산구,10
용산구,10
용산구,10
용산구,10
용산구,10
용산구,10
용산구,10
용산구,10
용산구,15
용산구,10
용산구,10
용산구,10
용산구,10
용산구,10
용산구,10
용산구,8
용산구,7
용산구,7
용산구,15
용산구,6
용산구,10
용산구,10
용산구,8
용산구,12
용산구,6
용산구,10
용산구,8
용산구,7
용산구,8
용산구,6
용산구,16
용산구,5
용산구,8
용산구,10
용산구,10
용산구,10
용산구,8
용산구,10
용산구,10
성동구,10
성동구,15
성동구,10
성동구,20
성동구,15
성동구,5
성동구,10
성동구,10
성동구,9
성동구,9
성동구,7
성동구,20
성동구,50
성동구,30
성동구,32
성동구,30
성동구,26
성동구,24
성동구,40
성동구,40
성동구,17
성동구,28
성동구,18
성동구,14
성동구,20
성동구,40
성동구,20
성동구,23
성동구,9
성동구,7
성동구,20
성동구,11
성동구,8
성동구,10
성동구,15
성동구,20
성동구,14
성동구,10
성동구,20
성동구,23
성동구,16
성동구,10
성동구,10
성동구,10
성동구,10
성동구,34
성동구,30
성동구,14
성동구,10
성동구,8
성동구,8
성동구,10
성동구,25
성동구,9
성동구,10
성동구,10
성동구,8
성동구,15
성동구,10
성동구,10
성동구,12
성동구,10
성동구,9
성동구,20
성동구,10
성동구,19
성동구,10
성동구,10
성동구,10
성동구,8
성동구,10
성동구,10
성동구,22
성동구,10
성동구,7
성동구,8
성동구,15
성동구,8
성동구,4
성동구,5
성동구,9
성동구,8
성동구,8
성동구,8
성동구,7
성동구,4
성동구,5
성동구,5
성동구,8
성동구,10
성동구,5
성동구,5
광진구,7
광진구,10
광진구,18
광진구,14
광진구,8
광진구,12
광진구,10
광진구,25
광진구,7
광진구,20
광진구,10
광진구,15
광진구,10
광진구,8
광진구,10
광진구,10
광진구,10
광진구,10
광진구,8
광진구,15
광진구,10
광진구,12
광진구,10
광진구,15
광진구,20
광진구,17
광진구,7
광진구,51
광진구,50
광진구,24
광진구,15
광진구,15
광진구,10
광진구,8
광진구,38
광진구,20
광진구,20
광진구,8
광진구,20
광진구,10
광진구,13
광진구,9
광진구,19
광진구,9
광진구,40
광진구,10
광진구,45
광진구,10
광진구,10
광진구,20
광진구,20
광진구,20
광진구,20
광진구,5
광진구,30
광진구,8
광진구,15
광진구,5
광진구,10
광진구,10
광진구,12
광진구,10
광진구,15
광진구,15
광진구,6
광진구,20
광진구,15
광진구,14
광진구,8
광진구,15
광진구,10
광진구,18
광진구,10
광진구,10
광진구,11
광진구,8
광진구,10
광진구,8
광진구,15
광진구,7
광진구,7
광진구,13
광진구,3
광진구,5
광진구,7
광진구,7
동대문구,20
동대문구,10
동대문구,20
동대문구,8
동대문구,15
동대문구,15
동대문구,10
동대문구,30
동대문구,20
동대문구,40
동대문구,8
동대문구,46
동대문구,50
동대문구,10
동대문구,40
동대문구,8
동대문구,15
동대문구,25
동대문구,20
동대문구,34
동대문구,20
동대문구,30
동대문구,30
동대문구,15
동대문구,8
동대문구,24
동대문구,12
동대문구,9
동대문구,10
동대문구,10
동대문구,28
동대문구,6
동대문구,10
동대문구,9
동대문구,10
동대문구,10
동대문구,10
동대문구,15
동대문구,20
동대문구,10
동대문구,10
동대문구,10
동대문구,13
동대문구,25
동대문구,10
동대문구,15
동대문구,10
동대문구,10
동대문구,11
동대문구,20
동대문구,7
동대문구,10
동대문구,10
동대문구,9
동대문구,10
동대문구,17
동대문구,10
동대문구,15
동대문구,9
동대문구,20
동대문구,21
동대문구,10
동대문구,22
동대문구,14
동대문구,7
동대문구,10
동대문구,10
동대문구,10
동대문구,10
동대문구,10
동대문구,10
동대문구,10
동대문구,10
동대문구,10
동대문구,10
동대문구,15
동대문구,10
동대문구,10
동대문구,8
동대문구,5
동대문구,8
동대문구,10
동대문구,7
동대문구,10
중랑구,15
중랑구,10
중랑구,15
중랑구,10
중랑구,10
중랑구,10
중랑구,10
중랑구,10
중랑구,10
중랑구,10
중랑구,8
중랑구,10
중랑구,15
중랑구,13
중랑구,10
중랑구,10
중랑구,10
중랑구,10
중랑구,10
중랑구,10
중랑구,15
중랑구,20
중랑구,10
중랑구,10
중랑구,10
중랑구,15
중랑구,15
중랑구,15
중랑구,10
중랑구,10
중랑구,8
중랑구,10
중랑구,10
중랑구,10
중랑구,15
중랑구,15
중랑구,15
중랑구,10
중랑구,10
중랑구,20
중랑구,9
중랑구,10
중랑구,10
중랑구,10
중랑구,10
중랑구,9
중랑구,10
중랑구,12
중랑구,9
중랑구,10
중랑구,15
중랑구,10
중랑구,10
중랑구,10
중랑구,6
중랑구,20
중랑구,20
중랑구,10
중랑구,8
중랑구,10
중랑구,10
중랑구,10
중랑구,15
중랑구,10
중랑구,15
중랑구,8
중랑구,5
중랑구,9
중랑구,8
중랑구,8
중랑구,8
중랑구,10
중랑구,10
중랑구,10
중랑구,8
중랑구,10
중랑구,8
중랑구,8
중랑구,8
중랑구,5
중랑구,5
중랑구,7
중랑구,8
중랑구,20
중랑구,8
중랑구,7
중랑구,15
중랑구,14
중랑구,7
중랑구,7
중랑구,7
중랑구,15
중랑구,12
성북구,5
성북구,10
성북구,10
성북구,15
성북구,10
성북구,16
성북구,8
성북구,10
성북구,10
성북구,14
성북구,10
성북구,14
성북구,10
성북구,10
성북구,10
성북구,10
성북구,10
성북구,10
성북구,10
성북구,20
성북구,10
성북구,30
성북구,13
성북구,15
성북구,9
성북구,11
성북구,10
성북구,8
성북구,10
성북구,15
성북구,10
성북구,12
성북구,10
성북구,8
성북구,8
성북구,8
성북구,22
성북구,25
성북구,10
성북구,7
성북구,8
성북구,10
성북구,20
성북구,12
성북구,25
성북구,10
성북구,10
성북구,10
성북구,10
성북구,10
성북구,10
성북구,20
성북구,8
성북구,20
성북구,7
성북구,10
성북구,10
성북구,10
성북구,18
성북구,10
성북구,13
성북구,10
성북구,10
성북구,10
성북구,10
성북구,10
성북구,10
성북구,10
성북구,10
성북구,20
성북구,30
성북구,10
성북구,10
성북구,5
성북구,8
성북구,7
성북구,10
성북구,8
성북구,6
성북구,6
성북구,10
성북구,10
강북구,9
강북구,14
강북구,10
강북구,15
강북구,10
강북구,10
강북구,9
강북구,20
강북구,20
강북구,10
강북구,10
강북구,10
강북구,10
강북구,10
강북구,7
강북구,10
강북구,8
강북구,10
강북구,10
강북구,15
강북구,13
강북구,10
강북구,10
강북구,10
강북구,10
강북구,20
강북구,10
강북구,8
강북구,10
강북구,8
강북구,10
강북구,10
강북구,10
강북구,10
강북구,10
강북구,15
강북구,10
강북구,8
강북구,8
강북구,15
강북구,10
강북구,10
강북구,10
강북구,10
강북구,7
강북구,15
강북구,10
강북구,10
강북구,10
강북구,10
강북구,10
강북구,8
강북구,10
강북구,10
강북구,10
강북구,10
강북구,11
강북구,5
강북구,20
강북구,5
강북구,6
도봉구,10
도봉구,10
도봉구,8
도봉구,10
도봉구,20
도봉구,7
도봉구,17
도봉구,10
도봉구,10
도봉구,20
도봉구,10
도봉구,10
도봉구,10
도봉구,27
도봉구,12
도봉구,15
도봉구,10
도봉구,10
도봉구,8
도봉구,15
도봉구,10
도봉구,10
도봉구,8
도봉구,10
도봉구,10
도봉구,12
도봉구,10
도봉구,13
도봉구,12
도봉구,13
도봉구,10
도봉구,20
도봉구,10
도봉구,10
도봉구,15
도봉구,7
도봉구,10
도봉구,12
도봉구,15
도봉구,10
도봉구,11
도봉구,10
도봉구,10
도봉구,10
도봉구,10
도봉구,10
도봉구,25
도봉구,10
도봉구,10
도봉구,8
도봉구,15
도봉구,15
도봉구,10
도봉구,8
도봉구,15
도봉구,10
도봉구,15
도봉구,9
도봉구,10
도봉구,10
도봉구,10
도봉구,10
도봉구,10
도봉구,6
도봉구,8
도봉구,4
도봉구,8
도봉구,10
도봉구,10
도봉구,10
도봉구,15
도봉구,10
도봉구,15
도봉구,10
도봉구,10
도봉구,6
노원구,10
노원구,13
노원구,10
노원구,10
노원구,10
노원구,20
노원구,20
노원구,10
노원구,20
노원구,10
노원구,10
노원구,20
노원구,12
노원구,5
노원구,10
노원구,15
노원구,6
노원구,10
노원구,9
노원구,10
노원구,9
노원구,15
노원구,7
노원구,10
노원구,10
노원구,25
노원구,20
노원구,10
노원구,10
노원구,15
노원구,15
노원구,12
노원구,20
노원구,10
노원구,8
노원구,10
노원구,20
노원구,25
노원구,10
노원구,10
노원구,10
노원구,10
노원구,10
노원구,9
노원구,20
노원구,15
노원구,15
노원구,15
노원구,9
노원구,15
노원구,10
노원구,10
노원구,7
노원구,12
노원구,13
노원구,7
노원구,20
노원구,8
노원구,15
노원구,9
노원구,10
노원구,10
노원구,10
노원구,10
노원구,10
노원구,10
노원구,10
노원구,8
노원구,12
노원구,10
노원구,8
노원구,15
노원구,20
노원구,13
노원구,10
노원구,7
노원구,20
노원구,17
노원구,10
노원구,35
노원구,10
노원구,16
노원구,14
노원구,10
노원구,10
노원구,15
노원구,10
노원구,10
노원구,9
노원구,10
노원구,20
노원구,10
노원구,20
노원구,10
노원구,10
노원구,20
노원구,8
노원구,7
노원구,10
노원구,10
노원구,10
노원구,10
노원구,10
노원구,10
노원구,10
노원구,10
노원구,8
노원구,10
노원구,10
노원구,9
노원구,6
노원구,9
노원구,15
노원구,10
노원구,10
노원구,8
노원구,10
노원구,10
노원구,4
노원구,8
노원구,4
노원구,10
노원구,6
노원구,5
노원구,9
노원구,5
노원구,5
노원구,6
노원구,5
노원구,5
노원구,5
노원구,10
노원구,10
노원구,18
노원구,5
노원구,5
은평구,40
은평구,10
은평구,20
은평구,18
은평구,10
은평구,10
은평구,10
은평구,10
은평구,10
은평구,10
은평구,20
은평구,15
은평구,20
은평구,10
은평구,13
은평구,19
은평구,10
은평구,10
은평구,10
은평구,10
은평구,12
은평구,8
은평구,10
은평구,15
은평구,7
은평구,32
은평구,20
은평구,15
은평구,10
은평구,10
은평구,10
은평구,15
은평구,13
은평구,9
은평구,10
은평구,10
은평구,26
은평구,10
은평구,10
은평구,6
은평구,15
은평구,10
은평구,10
은평구,10
은평구,9
은평구,13
은평구,10
은평구,15
은평구,8
은평구,10
은평구,13
은평구,10
은평구,10
은평구,10
은평구,13
은평구,7
은평구,9
은평구,20
은평구,10
은평구,10
은평구,10
은평구,10
은평구,10
은평구,10
은평구,10
은평구,10
은평구,9
은평구,10
은평구,10
은평구,10
은평구,10
은평구,15
은평구,10
은평구,10
은평구,10
은평구,17
은평구,10
은평구,10
은평구,10
은평구,10
은평구,10
은평구,10
은평구,10
은평구,10
은평구,10
은평구,10
은평구,10
은평구,9
은평구,10
은평구,10
은평구,6
은평구,10
은평구,10
은평구,25
은평구,7
은평구,10
은평구,10
은평구,5
서대문구,30
서대문구,46
서대문구,40
서대문구,40
서대문구,20
서대문구,15
서대문구,8
서대문구,20
서대문구,10
서대문구,20
서대문구,20
서대문구,22
서대문구,10
서대문구,12
서대문구,26
서대문구,8
서대문구,15
서대문구,7
서대문구,20
서대문구,20
서대문구,20
서대문구,30
서대문구,20
서대문구,10
서대문구,20
서대문구,8
서대문구,20
서대문구,10
서대문구,8
서대문구,10
서대문구,28
서대문구,10
서대문구,9
서대문구,10
서대문구,20
서대문구,10
서대문구,10
서대문구,10
서대문구,30
서대문구,8
서대문구,15
서대문구,10
서대문구,8
서대문구,13
서대문구,9
서대문구,10
서대문구,15
서대문구,10
서대문구,15
서대문구,7
서대문구,20
서대문구,10
서대문구,10
서대문구,10
서대문구,12
서대문구,15
서대문구,20
서대문구,30
서대문구,20
서대문구,10
서대문구,10
서대문구,7
서대문구,20
서대문구,20
서대문구,15
서대문구,10
서대문구,10
서대문구,5
서대문구,21
서대문구,6
서대문구,5
서대문구,5
서대문구,9
서대문구,6
서대문구,8
서대문구,5
서대문구,7
서대문구,7
서대문구,7
서대문구,10
서대문구,10
마포구,15
마포구,14
마포구,13
마포구,5
마포구,12
마포구,5
마포구,20
마포구,20
마포구,20
마포구,20
마포구,50
마포구,15
마포구,9
마포구,10
마포구,10
마포구,15
마포구,10
마포구,20
마포구,15
마포구,20
마포구,9
마포구,20
마포구,20
마포구,11
마포구,9
마포구,10
마포구,9
마포구,12
마포구,14
마포구,22
마포구,30
마포구,10
마포구,13
마포구,15
마포구,20
마포구,12
마포구,15
마포구,9
마포구,15
마포구,9
마포구,15
마포구,80
마포구,30
마포구,14
마포구,13
마포구,20
마포구,40
마포구,8
마포구,30
마포구,16
마포구,28
마포구,30
마포구,10
마포구,10
마포구,22
마포구,10
마포구,8
마포구,20
마포구,12
마포구,20
마포구,30
마포구,42
마포구,77
마포구,8
마포구,9
마포구,15
마포구,10
마포구,10
마포구,10
마포구,10
마포구,10
마포구,12
마포구,15
마포구,15
마포구,15
마포구,10
마포구,10
마포구,23
마포구,10
마포구,7
마포구,5
마포구,10
마포구,25
마포구,10
마포구,10
마포구,5
마포구,10
마포구,10
마포구,10
마포구,10
마포구,10
마포구,15
마포구,9
마포구,10
마포구,10
마포구,10
마포구,7
마포구,8
마포구,10
마포구,15
마포구,10
마포구,10
마포구,20
마포구,13
마포구,10
마포구,13
마포구,5
마포구,5
마포구,14
마포구,10
마포구,10
마포구,7
마포구,8
마포구,10
마포구,5
마포구,10
마포구,10
마포구,7
마포구,5
마포구,7
양천구,20
양천구,8
양천구,19
양천구,12
양천구,14
양천구,30
양천구,16
양천구,20
양천구,10
양천구,20
양천구,14
양천구,40
양천구,10
양천구,23
양천구,10
양천구,10
양천구,10
양천구,15
양천구,10
양천구,15
양천구,18
양천구,10
양천구,10
양천구,10
양천구,10
양천구,10
양천구,10
양천구,10
양천구,10
양천구,15
양천구,10
양천구,10
양천구,10
양천구,10
양천구,40
양천구,10
양천구,10
양천구,10
양천구,15
양천구,10
양천구,10
양천구,10
양천구,10
양천구,10
양천구,15
양천구,10
양천구,13
양천구,10
양천구,10
양천구,10
양천구,10
양천구,30
양천구,12
양천구,15
양천구,10
양천구,15
양천구,20
양천구,15
양천구,8
양천구,10
양천구,11
양천구,10
양천구,15
양천구,10
양천구,20
양천구,15
양천구,15
양천구,20
양천구,24
양천구,9
양천구,14
양천구,15
양천구,30
양천구,15
양천구,20
양천구,15
양천구,10
양천구,12
양천구,10
양천구,10
양천구,10
양천구,10
양천구,15
양천구,13
양천구,15
양천구,20
양천구,10
양천구,5
양천구,10
양천구,10
양천구,8
양천구,10
양천구,10
양천구,20
양천구,10
양천구,15
양천구,8
양천구,10
양천구,10
양천구,10
양천구,10
양천구,23
양천구,6
양천구,10
양천구,8
양천구,10
양천구,9
양천구,5
양천구,9
양천구,8
양천구,10
양천구,14
강서구,10
강서구,10
강서구,20
강서구,10
강서구,10
강서구,8
강서구,6
강서구,25
강서구,20
강서구,15
강서구,15
강서구,10
강서구,10
강서구,6
강서구,25
강서구,15
강서구,17
강서구,9
강서구,13
강서구,7
강서구,10
강서구,10
강서구,7
강서구,7
강서구,10
강서구,16
강서구,10
강서구,10
강서구,8
강서구,17
강서구,10
강서구,10
강서구,10
강서구,13
강서구,7
강서구,25
강서구,30
강서구,17
강서구,10
강서구,8
강서구,20
강서구,20
강서구,20
강서구,10
강서구,10
강서구,10
강서구,20
강서구,10
강서구,15
강서구,14
강서구,8
강서구,11
강서구,8
강서구,8
강서구,15
강서구,9
강서구,15
강서구,15
강서구,10
강서구,15
강서구,10
강서구,20
강서구,10
강서구,26
강서구,20
강서구,15
강서구,15
강서구,8
강서구,14
강서구,13
강서구,20
강서구,66
강서구,10
강서구,24
강서구,11
강서구,20
강서구,31
강서구,13
강서구,10
강서구,26
강서구,20
강서구,20
강서구,10
강서구,13
강서구,13
강서구,15
강서구,20
강서구,30
강서구,9
강서구,18
강서구,13
강서구,25
강서구,20
강서구,55
강서구,20
강서구,40
강서구,30
강서구,12
강서구,13
강서구,25
강서구,20
강서구,25
강서구,35
강서구,30
강서구,30
강서구,20
강서구,14
강서구,15
강서구,20
강서구,10
강서구,20
강서구,20
강서구,8
강서구,10
강서구,12
강서구,25
강서구,9
강서구,10
강서구,10
강서구,10
강서구,10
강서구,10
강서구,10
강서구,25
강서구,17
강서구,10
강서구,18
강서구,10
강서구,10
강서구,10
강서구,10
강서구,15
강서구,10
강서구,10
강서구,10
강서구,10
강서구,10
강서구,22
강서구,12
강서구,10
강서구,10
강서구,10
강서구,8
강서구,9
강서구,15
강서구,15
강서구,35
강서구,8
강서구,10
강서구,11
강서구,10
강서구,10
강서구,5
강서구,10
강서구,10
강서구,10
강서구,10
강서구,20
강서구,25
강서구,25
강서구,7
강서구,8
강서구,6
강서구,7
강서구,10
강서구,10
강서구,16
강서구,15
강서구,10
강서구,25
강서구,8
강서구,15
강서구,10
강서구,6
강서구,10
강서구,10
강서구,16
강서구,10
강서구,10
강서구,9
강서구,10
강서구,8
강서구,8
강서구,16
강서구,20
강서구,10
강서구,8
강서구,7
강서구,9
구로구,10
구로구,10
구로구,20
구로구,12
구로구,12
구로구,5
구로구,18
구로구,13
구로구,10
구로구,10
구로구,10
구로구,14
구로구,10
구로구,20
구로구,10
구로구,20
구로구,7
구로구,10
구로구,16
구로구,10
구로구,15
구로구,10
구로구,10
구로구,10
구로구,15
구로구,20
구로구,20
구로구,10
구로구,15
구로구,15
구로구,15
구로구,10
구로구,10
구로구,15
구로구,15
구로구,10
구로구,15
구로구,10
구로구,10
구로구,7
구로구,10
구로구,10
구로구,10
구로구,10
구로구,10
구로구,10
구로구,15
구로구,10
구로구,10
구로구,10
구로구,10
구로구,20
구로구,15
구로구,15
구로구,20
구로구,13
구로구,12
구로구,10
구로구,10
구로구,20
구로구,23
구로구,10
구로구,15
구로구,30
구로구,10
구로구,10
구로구,10
구로구,10
구로구,10
구로구,10
구로구,10
구로구,15
구로구,10
구로구,10
구로구,10
구로구,14
구로구,20
구로구,10
구로구,10
구로구,14
구로구,10
구로구,10
구로구,10
구로구,10
구로구,12
구로구,14
구로구,16
구로구,10
구로구,10
구로구,10
구로구,10
구로구,14
구로구,10
구로구,15
구로구,8
구로구,10
구로구,10
구로구,10
구로구,10
구로구,10
구로구,10
구로구,10
구로구,16
구로구,10
구로구,10
구로구,10
구로구,9
구로구,10
구로구,15
구로구,8
구로구,7
구로구,10
구로구,7
구로구,10
금천구,10
금천구,10
금천구,10
금천구,20
금천구,10
금천구,10
금천구,8
금천구,14
금천구,10
금천구,10
금천구,10
금천구,10
금천구,10
금천구,25
금천구,10
금천구,10
금천구,20
금천구,10
금천구,10
금천구,19
금천구,10
금천구,10
금천구,10
금천구,10
금천구,7
금천구,20
금천구,20
금천구,12
금천구,12
금천구,10
금천구,15
금천구,15
금천구,10
금천구,9
금천구,10
금천구,10
금천구,10
금천구,10
금천구,10
금천구,10
금천구,10
금천구,10
금천구,10
금천구,13
금천구,10
금천구,20
금천구,9
금천구,15
금천구,10
금천구,10
금천구,30
금천구,10
금천구,15
금천구,8
금천구,10
금천구,10
금천구,10
금천구,10
금천구,8
금천구,16
금천구,10
금천구,20
금천구,6
금천구,11
금천구,6
금천구,7
금천구,10
금천구,10
금천구,5
금천구,10
금천구,5
금천구,20
금천구,5
금천구,5
금천구,10
금천구,5
영등포구,18
영등포구,15
영등포구,30
영등포구,15
영등포구,13
영등포구,20
영등포구,35
영등포구,46
영등포구,12
영등포구,13
영등포구,10
영등포구,19
영등포구,21
영등포구,10
영등포구,15
영등포구,12
영등포구,30
영등포구,10
영등포구,12
영등포구,20
영등포구,20
영등포구,26
영등포구,19
영등포구,20
영등포구,10
영등포구,25
영등포구,13
영등포구,10
영등포구,20
영등포구,10
영등포구,10
영등포구,10
영등포구,10
영등포구,10
영등포구,20
영등포구,10
영등포구,10
영등포구,15
영등포구,15
영등포구,20
영등포구,14
영등포구,14
영등포구,10
영등포구,26
영등포구,10
영등포구,20
영등포구,20
영등포구,10
영등포구,10
영등포구,15
영등포구,10
영등포구,14
영등포구,17
영등포구,15
영등포구,12
영등포구,12
영등포구,30
영등포구,15
영등포구,10
영등포구,10
영등포구,6
영등포구,20
영등포구,10
영등포구,20
영등포구,10
영등포구,10
영등포구,20
영등포구,15
영등포구,10
영등포구,8
영등포구,10
영등포구,15
영등포구,16
영등포구,14
영등포구,12
영등포구,10
영등포구,10
영등포구,10
영등포구,12
영등포구,14
영등포구,10
영등포구,15
영등포구,10
영등포구,15
영등포구,10
영등포구,25
영등포구,10
영등포구,9
영등포구,15
영등포구,10
영등포구,10
영등포구,10
영등포구,15
영등포구,12
영등포구,15
영등포구,10
영등포구,10
영등포구,15
영등포구,10
영등포구,20
영등포구,10
영등포구,10
영등포구,10
영등포구,10
영등포구,10
영등포구,10
영등포구,10
영등포구,10
영등포구,10
영등포구,10
영등포구,10
영등포구,10
영등포구,10
영등포구,15
영등포구,10
영등포구,10
영등포구,10
영등포구,10
영등포구,10
영등포구,9
영등포구,10
영등포구,15
영등포구,10
영등포구,10
영등포구,12
영등포구,12
영등포구,12
영등포구,12
영등포구,8
영등포구,6
영등포구,18
영등포구,20
영등포구,10
영등포구,20
영등포구,14
영등포구,15
영등포구,9
영등포구,15
영등포구,15
영등포구,10
영등포구,10
영등포구,7
영등포구,10
영등포구,26
영등포구,31
영등포구,15
영등포구,10
영등포구,10
영등포구,10
영등포구,10
영등포구,14
영등포구,8
영등포구,10
영등포구,8
영등포구,10
동작구,17
동작구,10
동작구,20
동작구,10
동작구,10
동작구,10
동작구,30
동작구,20
동작구,10
동작구,10
동작구,10
동작구,20
동작구,10
동작구,15
동작구,10
동작구,10
동작구,20
동작구,12
동작구,20
동작구,10
동작구,10
동작구,7
동작구,10
동작구,15
동작구,10
동작구,10
동작구,10
동작구,14
동작구,10
동작구,10
동작구,8
동작구,10
동작구,10
동작구,10
동작구,10
동작구,10
동작구,8
동작구,7
동작구,12
동작구,10
동작구,20
동작구,18
동작구,10
동작구,13
동작구,25
동작구,15
동작구,10
동작구,10
동작구,15
동작구,20
동작구,22
동작구,10
동작구,10
동작구,15
동작구,15
동작구,10
동작구,8
동작구,20
동작구,10
동작구,8
동작구,10
동작구,10
동작구,10
동작구,10
동작구,25
동작구,10
동작구,14
동작구,7
동작구,10
동작구,5
동작구,10
동작구,6
동작구,10
동작구,4
관악구,13
관악구,10
관악구,13
관악구,12
관악구,12
관악구,25
관악구,20
관악구,22
관악구,9
관악구,10
관악구,15
관악구,20
관악구,20
관악구,9
관악구,10
관악구,20
관악구,10
관악구,12
관악구,10
관악구,10
관악구,9
관악구,8
관악구,10
관악구,10
관악구,20
관악구,8
관악구,10
관악구,15
관악구,12
관악구,10
관악구,12
관악구,10
관악구,8
관악구,10
관악구,12
관악구,7
관악구,10
관악구,17
관악구,15
관악구,10
관악구,10
관악구,10
관악구,15
관악구,19
관악구,20
관악구,7
관악구,20
관악구,10
관악구,10
관악구,15
관악구,15
관악구,15
관악구,12
관악구,10
관악구,15
관악구,15
관악구,10
관악구,8
관악구,10
관악구,10
관악구,10
관악구,15
관악구,12
관악구,7
관악구,10
관악구,10
관악구,12
관악구,8
관악구,10
관악구,10
관악구,10
관악구,7
관악구,10
관악구,7
관악구,8
관악구,10
관악구,13
관악구,8
관악구,20
서초구,14
서초구,20
서초구,10
서초구,15
서초구,20
서초구,9
서초구,10
서초구,10
서초구,14
서초구,20
서초구,15
서초구,10
서초구,20
서초구,20
서초구,15
서초구,10
서초구,15
서초구,10
서초구,10
서초구,15
서초구,5
서초구,10
서초구,20
서초구,17
서초구,13
서초구,10
서초구,20
서초구,10
서초구,6
서초구,20
서초구,15
서초구,20
서초구,20
서초구,10
서초구,30
서초구,10
서초구,10
서초구,10
서초구,10
서초구,25
서초구,25
서초구,10
서초구,10
서초구,20
서초구,15
서초구,25
서초구,20
서초구,9
서초구,10
서초구,15
서초구,10
서초구,15
서초구,10
서초구,8
서초구,10
서초구,10
서초구,10
서초구,7
서초구,15
서초구,10
서초구,10
서초구,10
서초구,7
서초구,10
서초구,10
서초구,15
서초구,10
서초구,7
서초구,10
서초구,7
서초구,10
서초구,10
서초구,15
서초구,10
서초구,12
서초구,12
서초구,10
서초구,9
서초구,10
서초구,10
서초구,12
서초구,10
서초구,10
서초구,16
서초구,8
서초구,10
서초구,10
서초구,15
서초구,9
서초구,20
서초구,10
서초구,10
서초구,20
서초구,13
서초구,10
서초구,15
서초구,20
서초구,10
서초구,10
서초구,10
서초구,12
서초구,15
서초구,10
서초구,13
서초구,10
서초구,10
서초구,10
서초구,10
서초구,10
서초구,10
서초구,10
서초구,10
서초구,10
서초구,15
서초구,7
서초구,18
서초구,10
서초구,10
서초구,8
서초구,10
서초구,8
서초구,10
서초구,10
서초구,10
서초구,6
서초구,10
서초구,10
서초구,10
서초구,10
서초구,25
서초구,5
서초구,5
서초구,7
서초구,11
서초구,10
서초구,15
서초구,5
서초구,11
서초구,8
서초구,5
서초구,5
서초구,7
서초구,24
서초구,10
서초구,10
서초구,5
서초구,5
서초구,5
강남구,10
강남구,10
강남구,15
강남구,10
강남구,6
강남구,26
강남구,10
강남구,14
강남구,10
강남구,10
강남구,6
강남구,10
강남구,10
강남구,10
강남구,10
강남구,20
강남구,10
강남구,16
강남구,10
강남구,10
강남구,10
강남구,15
강남구,10
강남구,10
강남구,10
강남구,10
강남구,15
강남구,10
강남구,10
강남구,10
강남구,10
강남구,8
강남구,15
강남구,12
강남구,15
강남구,10
강남구,10
강남구,10
강남구,17
강남구,10
강남구,15
강남구,10
강남구,10
강남구,11
강남구,23
강남구,12
강남구,9
강남구,11
강남구,6
강남구,10
강남구,5
강남구,20
강남구,20
강남구,10
강남구,7
강남구,10
강남구,9
강남구,10
강남구,15
강남구,10
강남구,15
강남구,7
강남구,20
강남구,10
강남구,6
강남구,10
강남구,20
강남구,14
강남구,14
강남구,9
강남구,12
강남구,8
강남구,6
강남구,10
강남구,15
강남구,10
강남구,10
강남구,10
강남구,18
강남구,15
강남구,10
강남구,7
강남구,10
강남구,7
강남구,10
강남구,7
강남구,15
강남구,10
강남구,10
강남구,10
강남구,10
강남구,14
강남구,10
강남구,10
강남구,14
강남구,20
강남구,10
강남구,15
강남구,15
강남구,20
강남구,20
강남구,15
강남구,10
강남구,10
강남구,10
강남구,13
강남구,20
강남구,15
강남구,10
강남구,10
강남구,20
강남구,10
강남구,10
강남구,10
강남구,10
강남구,10
강남구,10
강남구,10
강남구,15
강남구,10
강남구,10
강남구,16
강남구,10
강남구,16
강남구,10
강남구,10
강남구,10
강남구,10
강남구,10
강남구,10
강남구,10
강남구,7
강남구,10
강남구,10
강남구,10
강남구,5
강남구,10
강남구,4
강남구,10
강남구,5
강남구,5
강남구,10
강남구,5
강남구,7
강남구,10
강남구,13
강남구,5
강남구,5
강남구,7
강남구,10
강남구,5
강남구,6
강남구,5
강남구,6
강남구,6
강남구,6
강남구,10
강남구,10
강남구,5
강남구,5
강남구,6
강남구,6
강남구,7
강남구,6
강남구,6
강남구,5
강남구,5
강남구,5
강남구,6
강남구,9
강남구,8
송파구,15
송파구,20
송파구,10
송파구,15
송파구,20
송파구,10
송파구,25
송파구,20
송파구,30
송파구,10
송파구,12
송파구,10
송파구,15
송파구,15
송파구,12
송파구,15
송파구,10
송파구,23
송파구,15
송파구,10
송파구,10
송파구,10
송파구,15
송파구,10
송파구,13
송파구,10
송파구,9
송파구,14
송파구,13
송파구,10
송파구,10
송파구,10
송파구,29
송파구,11
송파구,10
송파구,30
송파구,15
송파구,25
송파구,10
송파구,10
송파구,10
송파구,8
송파구,20
송파구,10
송파구,20
송파구,8
송파구,10
송파구,10
송파구,8
송파구,10
송파구,10
송파구,14
송파구,15
송파구,10
송파구,30
송파구,20
송파구,15
송파구,8
송파구,16
송파구,10
송파구,13
송파구,10
송파구,8
송파구,10
송파구,10
송파구,8
송파구,15
송파구,10
송파구,10
송파구,10
송파구,14
송파구,25
송파구,10
송파구,15
송파구,15
송파구,15
송파구,16
송파구,10
송파구,10
송파구,15
송파구,15
송파구,10
송파구,10
송파구,7
송파구,7
송파구,18
송파구,15
송파구,15
송파구,10
송파구,15
송파구,14
송파구,9
송파구,12
송파구,15
송파구,20
송파구,15
송파구,15
송파구,15
송파구,15
송파구,15
송파구,12
송파구,15
송파구,9
송파구,20
송파구,10
송파구,21
송파구,15
송파구,18
송파구,15
송파구,12
송파구,10
송파구,10
송파구,10
송파구,15
송파구,15
송파구,30
송파구,10
송파구,7
송파구,20
송파구,41
송파구,25
송파구,10
송파구,20
송파구,10
송파구,10
송파구,10
송파구,10
송파구,10
송파구,8
송파구,7
송파구,8
송파구,10
송파구,15
송파구,10
송파구,10
송파구,15
송파구,7
송파구,10
송파구,10
송파구,10
송파구,10
송파구,10
송파구,10
송파구,10
송파구,10
송파구,25
송파구,10
송파구,10
송파구,10
송파구,10
송파구,10
송파구,10
송파구,10
송파구,10
송파구,10
송파구,10
송파구,20
송파구,10
송파구,10
송파구,10
송파구,10
송파구,10
송파구,10
송파구,15
송파구,15
송파구,15
송파구,10
송파구,50
송파구,15
송파구,10
송파구,7
송파구,10
송파구,5
송파구,10
송파구,10
송파구,10
송파구,7
송파구,9
송파구,7
송파구,7
송파구,10
송파구,4
송파구,5
송파구,5
송파구,9
송파구,5
송파구,5
송파구,10
송파구,16
송파구,8
송파구,6
송파구,6
송파구,10
송파구,14
송파구,10
송파구,18
송파구,6
송파구,6
송파구,10
송파구,15
송파구,10
송파구,6
송파구,9
송파구,8
송파구,10
송파구,10
송파구,6
송파구,10
송파구,10
송파구,8
송파구,12
송파구,15
송파구,15
송파구,12
송파구,10
송파구,5
송파구,7
송파구,10
강동구,15
강동구,10
강동구,20
강동구,10
강동구,10
강동구,14
강동구,9
강동구,20
강동구,20
강동구,20
강동구,15
강동구,15
강동구,13
강동구,10
강동구,20
강동구,15
강동구,10
강동구,15
강동구,15
강동구,20
강동구,22
강동구,10
강동구,10
강동구,14
강동구,20
강동구,10
강동구,10
강동구,15
강동구,15
강동구,20
강동구,27
강동구,10
강동구,25
강동구,10
강동구,10
강동구,10
강동구,7
강동구,10
강동구,10
강동구,15
강동구,10
강동구,13
강동구,10
강동구,15
강동구,15
강동구,10
강동구,8
강동구,5
강동구,10
강동구,15
강동구,12
강동구,15
강동구,6
강동구,8
강동구,10
강동구,10
강동구,10
강동구,10
강동구,10
강동구,10
강동구,10
강동구,10
강동구,10
강동구,10
강동구,10
강동구,15
강동구,7
강동구,15
강동구,10
강동구,10
강동구,15
강동구,25
강동구,10
강동구,10
강동구,20
강동구,10
강동구,15
강동구,20
강동구,20
강동구,10
강동구,12
강동구,10
강동구,17
강동구,12
강동구,10
강동구,10
강동구,10
강동구,10
강동구,12
강동구,10
강동구,12
강동구,20
강동구,10
강동구,10
강동구,10
강동구,10
강동구,10
강동구,10
강동구,10
강동구,10
강동구,20
강동구,10
강동구,6
강동구,6
강동구,10
강동구,10
강동구,10
강동구,10
강동구,15
강동구,8
강동구,10
강동구,20
강동구,23
강동구,20
강동구,10
강동구,14
강동구,6
강동구,15
강동구,8
강동구,8
강동구,5
강동구,5
